barcodes,in_tissue,array_row,array_col,pxl_row_in_fullres,pxl_col_in_fullres
AACACCTACTATCGAA-1,1,14,38,18262,14342
AACACGTGCATCGCAC-1,1,16,38,18262,14124
AACACTTGGCAAGGAA-1,1,18,38,18263,13907
AACAGGAAGAGCATAG-1,1,20,38,18263,13690
AACAGGATTCATAGTT-1,1,22,38,18263,13472
AACAGGCCAACGATTA-1,1,24,38,18263,13255
AACAGGTTATTGCACC-1,1,26,38,18263,13037
AACAGGTTCACCGAAG-1,1,28,38,18263,12820
AACAGTCAGGCTCCGC-1,1,30,38,18263,12602
AACAGTCCACGCGGTG-1,1,32,38,18263,12385
AACAGTCGTGTCGCGG-1,1,34,38,18263,12167
AACATACTCATATGCG-1,1,36,38,18263,11950
AACATAGTCTATCTAC-1,1,38,38,18263,11732
AACATATTCTTGCGAA-1,1,40,38,18263,11515
AACATCGCGTGACCAC-1,1,42,38,18264,11297
AACATCTAATGACCGG-1,1,44,38,18264,11080
AACATCTTAAGGCTCA-1,1,46,38,18264,10863
AACATGACGCAGCGTG-1,1,48,38,18264,10645
AACATGACTTGGCTGC-1,1,50,38,18264,10428
AACATGCGCAAGTGAG-1,1,52,38,18264,10210
AACCAAGCGTGGCCTC-1,1,54,38,18264,9993
AACCAAGGTATCAGGC-1,1,56,38,18264,9775
AACCAATCTGGTTGGC-1,1,58,38,18264,9558
AACCACTAACATGATT-1,1,60,38,18264,9340
AACCACTGCCATAGCC-1,1,62,38,18264,9123
AACCAGAATCAGACGT-1,1,13,39,18200,14451
AACCATAGAATTCGAA-1,1,15,39,18200,14233
AACCATCGGAAGCGAC-1,1,17,39,18200,14016
AACCATGAATTGCCTT-1,1,19,39,18200,13798
AACCGCATGTATGTTA-1,1,21,39,18200,13581
AACCGCCAGACTACTT-1,1,23,39,18200,13363
AACCGCGGTAACTACA-1,1,25,39,18200,13146
AACCGTGCTTATGTTG-1,1,27,39,18200,12928
AACCTAAGATACTGAG-1,1,29,39,18201,12711
AACCTACAGAGGTAGT-1,1,31,39,18201,12493
AACCTACCTACCGGTT-1,1,33,39,18201,12276
AACCTACTGTAACTCA-1,1,35,39,18201,12059
AACCTGACAGTGCCGC-1,1,37,39,18201,11841
AACCTTAGCGTCCGGT-1,1,39,39,18201,11624
AACGAAGCGTGGAAGT-1,1,41,39,18201,11406
AACGAATTGACCGGTT-1,1,43,39,18201,11189
AACGACATTAAGATGG-1,1,45,39,18201,10971
AACGACCATTCGAATC-1,1,47,39,18201,10754
AACGAGCCTCTTCGGC-1,1,49,39,18201,10536
AACGAGCTAATAACTA-1,1,51,39,18201,10319
AACGCACTGGTGCTCG-1,1,53,39,18202,10101
AACGCATGCCTCAATA-1,1,55,39,18202,9884
AACGCTTCGAGTAACT-1,1,57,39,18202,9667
AACGGCACAGAATATT-1,1,59,39,18202,9449
AACGGTAATCGACCTG-1,1,61,39,18202,9232
AACGTCGCGACAAGGT-1,1,63,39,18202,9014
AACGTGACGGTCCACC-1,1,14,40,18137,14342
AACTAACGAACTAGAT-1,1,16,40,18137,14124
AACTAGCACTGTTCGA-1,1,18,40,18138,13907
AACTAGCATCACGTAC-1,1,20,40,18138,13689
AACTAGCCTAATAGCA-1,1,22,40,18138,13472
AACTAGCCTTGCAATA-1,1,24,40,18138,13255
AACTAGCGCTCCAGTT-1,1,26,40,18138,13037
AACTAGGCCTGACACC-1,1,28,40,18138,12820
AACTATCGTCATAGTC-1,1,30,40,18138,12602
AACTATCTAGCAGTAT-1,1,32,40,18138,12385
AACTATGCTGCATTCG-1,1,34,40,18138,12167
AACTATGTGCTTGTTA-1,1,36,40,18138,11950
AACTATTCTGCGGCCT-1,1,38,40,18138,11732
AACTATTGGCGGATTC-1,1,40,40,18138,11515
AACTCAACCTTGACCA-1,1,42,40,18139,11297
AACTCAACTTGACAGC-1,1,44,40,18139,11080
AACTCACCGAACTTAT-1,1,46,40,18139,10863
AACTCACCTCGGTGTT-1,1,48,40,18139,10645
AACTCACGGAGTACGT-1,1,50,40,18139,10428
AACTCAGATCCATGCC-1,1,52,40,18139,10210
AACTGCAACGTCCTGG-1,1,54,40,18139,9993
AACTGCAATACGGATT-1,1,56,40,18139,9775
AACTGCCGGAGTAACA-1,1,58,40,18139,9558
AACTGCCTCGATAGGT-1,1,60,40,18139,9340
AACTGCGAACCTTACC-1,1,62,40,18139,9123
AACTGCGATCGACTAA-1,1,13,41,18075,14451
AACTGCGATGAATAGG-1,1,15,41,18075,14233
AACTGCGGTCCGAAGC-1,1,17,41,18075,14016
AACTGCTACCTCGATA-1,1,19,41,18075,13798
AACTGGATACTTCACT-1,1,21,41,18075,13581
AACTGGTCATGTGGTT-1,1,23,41,18075,13363
AACTTAACAGTGAGGA-1,1,25,41,18075,13146
AACTTATGATACGTAC-1,1,27,41,18075,12928
AACTTCAAGGATAATC-1,1,29,41,18076,12711
AACTTCACAATAACTG-1,1,31,41,18076,12493
AACTTCAGATACTACC-1,1,33,41,18076,12276
AACTTCAGCATGGCCG-1,1,35,41,18076,12059
AACTTCATCTTCTGGT-1,1,37,41,18076,11841
AACTTCGCTTAGTCAG-1,1,39,41,18076,11624
AACTTGCAACTTGGAC-1,1,41,41,18076,11406
AACTTGCTCGTAACCG-1,1,43,41,18076,11189
AACTTGGTTAATACTA-1,1,45,41,18076,10971
AACTTGGTTACATAAC-1,1,47,41,18076,10754
AAGAATTCTGGCTGCA-1,1,49,41,18076,10536
AAGACAATCTCCTGCA-1,1,51,41,18076,10319
AAGACTAAGGAGATCC-1,1,53,41,18077,10101
AAGACTCAAGGCTCCA-1,1,55,41,18077,9884
AAGACTGTCATAGTGC-1,1,57,41,18077,9666
AAGAGCAGATGTGCCA-1,1,59,41,18077,9449
AAGATACAGGCGAACG-1,1,61,41,18077,9232
AAGATAGGCTTGCTTA-1,1,63,41,18077,9014
AAGATAGTCGACCTTG-1,1,14,42,18012,14342
AAGATATTGGACGTCC-1,1,16,42,18012,14124
AAGATCTGTAACTTGT-1,1,18,42,18013,13907
AAGATGAAGGTCATCG-1,1,20,42,18013,13689
AAGATGCACTATACTT-1,1,22,42,18013,13472
AAGATGGCCGCTAGTT-1,1,24,42,18013,13255
AAGATTAGGCTGTCTA-1,1,26,42,18013,13037
AAGATTATCTAGCATA-1,1,28,42,18013,12820
AAGATTCTGGTCGCGA-1,1,30,42,18013,12602
AAGATTGACACTCGAT-1,1,32,42,18013,12385
AAGCAAGAGCGTGATC-1,1,34,42,18013,12167
AAGCACTCAGGAATGT-1,1,36,42,18013,11950
AAGCAGCCTACTAAGC-1,1,38,42,18013,11732
AAGCAGCGGACACGTG-1,1,40,42,18013,11515
AAGCAGTATCAGAATC-1,1,42,42,18014,11297
AAGCAGTGAGTGCGAC-1,1,44,42,18014,11080
AAGCAGTGGCATCACT-1,1,46,42,18014,10862
AAGCAGTGGCTCATCC-1,1,48,42,18014,10645
AAGCAGTGTACACCGC-1,1,50,42,18014,10428
AAGCAGTGTAGAATCT-1,1,52,42,18014,10210
AAGCATCAAGCGTGAT-1,1,54,42,18014,9993
AAGCATTGAGTGGTTG-1,1,56,42,18014,9775
AAGCCACCATTCAAGA-1,1,58,42,18014,9558
AAGCCACGCATAATGA-1,1,60,42,18014,9340
AAGCCACTATGTCTAA-1,1,62,42,18014,9123
AAGCCAGATATCAGAA-1,1,13,43,17950,14451
AAGCCAGATCCAACAT-1,1,15,43,17950,14233
AAGCCAGGCCGACGTG-1,1,17,43,17950,14016
AAGCCAGGCTGCTTGA-1,1,19,43,17950,13798
AAGCCAGGTTACGAAC-1,1,21,43,17950,13581
AAGCCATCCGTGCTAT-1,1,23,43,17950,13363
AAGCCATCGCGATATG-1,1,25,43,17950,13146
AAGCCATTATCGAAGG-1,1,27,43,17950,12928
AAGCCATTATCTGCCA-1,1,29,43,17951,12711
AAGCCGGTTACAAGGC-1,1,31,43,17951,12493
AAGCGACGAACCGCCT-1,1,33,43,17951,12276
AAGCGAGCCGTCCGCT-1,1,35,43,17951,12058
AAGCGAGGAAGTGAAC-1,1,37,43,17951,11841
AAGCGTTCGTCTGTCC-1,1,39,43,17951,11624
AAGGACCAACATGGCT-1,1,41,43,17951,11406
AAGGACCTGCAAGCAT-1,1,43,43,17951,11189
AAGGAGGCACTCAATT-1,1,45,43,17951,10971
AAGGAGTGGCTACCAA-1,1,47,43,17951,10754
AAGGCAGTCTGATCAC-1,1,49,43,17951,10536
AAGGCATGAACAGCTC-1,1,51,43,17951,10319
AAGGCCAATTCAATAA-1,1,53,43,17952,10101
AAGGCCAGCAATCGCC-1,1,55,43,17952,9884
AAGGCCAGTCGCAATT-1,1,57,43,17952,9666
AAGGCCGACCTACCTG-1,1,59,43,17952,9449
AAGGCCGACTATGTAA-1,1,61,43,17952,9232
AAGGCCGATTCTGAGC-1,1,63,43,17952,9014
AAGGCCTCGCGAGGAA-1,1,14,44,17887,14342
AAGGCGAACAGCATAA-1,1,16,44,17888,14124
AAGGCGAACTAGTAGA-1,1,18,44,17888,13907
AAGGCGACGGTGTCGG-1,1,20,44,17888,13689
AAGGCGAGGTTCATGT-1,1,22,44,17888,13472
AAGGCGCCGACAATCT-1,1,24,44,17888,13254
AAGGCGCCTAACATAG-1,1,26,44,17888,13037
AAGGTGATCCGTGACG-1,1,28,44,17888,12820
AAGGTGCCGCTAAGGT-1,1,30,44,17888,12602
AAGGTGGATATGATCG-1,1,32,44,17888,12385
AAGGTGTCCATTAAGA-1,1,34,44,17888,12167
AAGGTTACTATGACGC-1,1,36,44,17888,11950
AAGGTTGCAGAAGCAG-1,1,38,44,17888,11732
AAGGTTGCTGAGTTGA-1,1,40,44,17889,11515
AAGTACTAAGGTTACG-1,1,42,44,17889,11297
AAGTACTACAGTAGAA-1,1,44,44,17889,11080
AAGTACTGGATGCGCA-1,1,46,44,17889,10862
AAGTATTGTAGGTCGC-1,1,48,44,17889,10645
AAGTCGCTATCCTGTC-1,1,50,44,17889,10428
AAGTCGGACACTTCAG-1,1,52,44,17889,10210
AAGTCTACCGGTTGGA-1,1,54,44,17889,9993
AAGTCTACGCACTCGG-1,1,56,44,17889,9775
AAGTCTGTCAATTCTT-1,1,58,44,17889,9558
AAGTCTTAAGTTGCCA-1,1,60,44,17889,9340
AAGTCTTAATAGAACT-1,1,62,44,17889,9123
AAGTGAGCCTGTTACA-1,1,13,45,17825,14450
AAGTGATCCACGAGCG-1,1,15,45,17825,14233
AAGTGGACGAATCTAC-1,1,17,45,17825,14016
AAGTGGCGAAGTTAAT-1,1,19,45,17825,13798
AAGTGGCGAGTGTACA-1,1,21,45,17825,13581
AAGTGGTTCCTCGCGT-1,1,23,45,17825,13363
AAGTTAAGCACTATAA-1,1,25,45,17825,13146
AAGTTACTATTACATC-1,1,27,45,17825,12928
AAGTTCCTATTGCTGG-1,1,29,45,17826,12711
AATAACATGTGCTATG-1,1,31,45,17826,12493
AATAACATGTTACGTC-1,1,33,45,17826,12276
AATAACGTAACTGTGA-1,1,35,45,17826,12058
AATAACGTATTGAACA-1,1,37,45,17826,11841
AATAACTCTAATACAG-1,1,39,45,17826,11624
AATAACTCTACGATGT-1,1,41,45,17826,11406
AATAACTTCATACGGA-1,1,43,45,17826,11189
AATACAATGCGAGCAG-1,1,45,45,17826,10971
AATACGAGAACACTCG-1,1,47,45,17826,10754
AATACGAGCAAGCCAG-1,1,49,45,17826,10536
AATACGCATATCCAGA-1,1,51,45,17826,10319
AATACGGTACGGCCTA-1,1,53,45,17827,10101
AATACGTAGACAGTTA-1,1,55,45,17827,9884
AATACTAACCACTTAT-1,1,57,45,17827,9666
AATAGATAGCCTAACC-1,1,59,45,17827,9449
AATAGCACGGAAGCGA-1,1,61,45,17827,9231
AATAGTATAGTTGTCG-1,1,63,45,17827,9014
AATAGTCGTTATCTAG-1,1,14,46,17762,14342
AATAGTGCTCATAGAA-1,1,16,46,17763,14124
AATAGTGGAAGAGCAT-1,1,18,46,17763,13907
AATAGTTGGTGCTCAG-1,1,20,46,17763,13689
AATATTAGGCTTCTGG-1,1,22,46,17763,13472
AATCCGACCACGGTCC-1,1,24,46,17763,13254
AATCCGCCGACCTGAG-1,1,26,46,17763,13037
AATCCGCCTGGTCAAT-1,1,28,46,17763,12820
AATCCGGAGCTTGTCT-1,1,30,46,17763,12602
AATCCTCGTCACAGGC-1,1,32,46,17763,12385
AATCGAACGGACGGAG-1,1,34,46,17763,12167
AATCGAATGTAACAGT-1,1,36,46,17763,11950
AATCGACTATCGCTAG-1,1,38,46,17763,11732
AATCGGCGCCAACGGT-1,1,40,46,17764,11515
AATCTATCTAACCGAG-1,1,42,46,17764,11297
AATCTGCGAGACGTTC-1,1,44,46,17764,11080
AATCTGCGTTCCTTAC-1,1,46,46,17764,10862
AATCTTAGCCTCTGTC-1,1,48,46,17764,10645
AATGAACTACGTCCAG-1,1,50,46,17764,10427
AATGAAGACGGTTCAG-1,1,52,46,17764,10210
AATGAAGAGGATGTAT-1,1,54,46,17764,9993
AATGAATCGGAAGGCA-1,1,56,46,17764,9775
AATGATCTTGACAGCG-1,1,58,46,17764,9558
AATGATTACAACCTAA-1,1,60,46,17764,9340
AATGCAATCACTGTCG-1,1,62,46,17764,9123
AATGCCGACGAGCAAC-1,1,13,47,17700,14450
AATGCCGCGATTGAGC-1,1,15,47,17700,14233
AATGCGAACCTCGCGT-1,1,17,47,17700,14016
AATGGACATCCTACTC-1,1,19,47,17700,13798
AATGGAGGACCTGGTG-1,1,21,47,17700,13581
AATGGCATAGTATCAT-1,1,23,47,17700,13363
AATGGCTCCACGAATT-1,1,25,47,17700,13146
AATGGTCGAACGTGAA-1,1,27,47,17701,12928
AATGGTCGATACTCGG-1,1,29,47,17701,12711
AATGGTCTCGAGCGCT-1,1,31,47,17701,12493
AATGGTGCGTCCTAAC-1,1,33,47,17701,12276
AATGGTTATTCTAGCT-1,1,35,47,17701,12058
AATGGTTGAGTCGGAA-1,1,37,47,17701,11841
AATGTACTTAACATCA-1,1,39,47,17701,11623
AATGTAGTCTTACGAG-1,1,41,47,17701,11406
AATGTCAGGTCATTAC-1,1,43,47,17701,11189
AATTACCAACTCCGTA-1,1,45,47,17701,10971
AATTAGCAACCGTTCC-1,1,47,47,17701,10754
AATTAGCTTAGGTGTA-1,1,49,47,17701,10536
AATTATACCTCAATGA-1,1,51,47,17702,10319
AATTATCTAGATAACC-1,1,53,47,17702,10101
AATTCTAACATCGTGC-1,1,55,47,17702,9884
AATTCTCAGACGCAAC-1,1,57,47,17702,9666
AATTCTCGCACCAGTA-1,1,59,47,17702,9449
AATTCTTGCATTGGTC-1,1,61,47,17702,9231
AATTCTTGGATACGGA-1,1,63,47,17702,9014
AATTGAATTCACTAGA-1,1,14,48,17637,14342
AATTGCATTGAAGAAT-1,1,16,48,17638,14124
AATTGCGGTGCTAATA-1,1,18,48,17638,13907
AATTGCGTCAGACACT-1,1,20,48,17638,13689
AATTGGACGGCATCGT-1,1,22,48,17638,13472
AATTGGAGACATGGAG-1,1,24,48,17638,13254
AATTGGCTTGAGTTGC-1,1,26,48,17638,13037
AATTGGTTATGATACA-1,1,28,48,17638,12819
AATTGTAGAATCCTAG-1,1,30,48,17638,12602
ACAACCTTGGTGTCAA-1,1,32,48,17638,12385
ACAACGAGCGATCTGA-1,1,34,48,17638,12167
ACAACGCCGATAGTAT-1,1,36,48,17638,11950
ACAACGTGAATTCACG-1,1,38,48,17638,11732
ACAACGTGGAGCTACT-1,1,40,48,17639,11515
ACAACTAACCAGTGGA-1,1,42,48,17639,11297
ACAACTAAGGTGTTAT-1,1,44,48,17639,11080
ACAACTAAGTGGCGCT-1,1,46,48,17639,10862
ACAACTGAATCCAGTC-1,1,48,48,17639,10645
ACAACTGTCGTGGATA-1,1,50,48,17639,10427
ACAAGTAGTTCCGGTA-1,1,52,48,17639,10210
ACAATACAATCCTTAA-1,1,54,48,17639,9993
ACAATACACTTCCATC-1,1,56,48,17639,9775
ACAATACAGGCGCCGT-1,1,58,48,17639,9558
ACAATACGCCTTATTC-1,1,60,48,17639,9340
ACAATAGGATCCAACC-1,1,62,48,17639,9123
ACAATATCATCCGGTA-1,1,13,49,17575,14450
ACAATATGAATCATGA-1,1,15,49,17575,14233
ACAATTGGTCGCGTAA-1,1,17,49,17575,14015
ACAGAAGTGATCAATC-1,1,19,49,17575,13798
ACAGAATAAGAACCAT-1,1,21,49,17575,13581
ACAGAATAAGATAGTG-1,1,23,49,17575,13363
ACAGAATACATACTAA-1,1,25,49,17575,13146
ACAGAATCCGTTGCTT-1,1,27,49,17576,12928
ACAGAATCTTGATAAG-1,1,29,49,17576,12711
ACAGAATGTCTTATTG-1,1,31,49,17576,12493
ACAGAATGTTGAGTCC-1,1,33,49,17576,12276
ACAGATCTGAAGTATC-1,1,35,49,17576,12058
ACAGCCAGGCATAAGC-1,1,37,49,17576,11841
ACAGGAACTACAGAAC-1,1,39,49,17576,11623
ACAGGACTGAGCCGAT-1,1,41,49,17576,11406
ACAGGAGTCATAATGT-1,1,43,49,17576,11189
ACAGGATACCGGATTC-1,1,45,49,17576,10971
ACAGGCACGCGAGGAT-1,1,47,49,17576,10754
ACAGGCATTGAACCAT-1,1,49,49,17576,10536
ACAGGCCTTCTAATGC-1,1,51,49,17577,10319
ACAGGTACCAAGGAAG-1,1,53,49,17577,10101
ACAGGTTCAGTGAACG-1,1,55,49,17577,9884
ACAGTACGCACTACCT-1,1,57,49,17577,9666
ACAGTATGCCTGGATG-1,1,59,49,17577,9449
ACAGTCACAATATTAG-1,1,61,49,17577,9231
ACATAAGACGCATATG-1,1,63,49,17577,9014
ACATAAGCAATGCGGT-1,1,14,50,17513,14342
ACATCACTGGCGTTCG-1,1,16,50,17513,14124
ACATCGAAGTGATTAA-1,1,18,50,17513,13907
ACATCGAATGCGAACC-1,1,20,50,17513,13689
ACATCGCCACAAGAGG-1,1,22,50,17513,13472
ACATCGCCTAGTATGT-1,1,24,50,17513,13254
ACATCGGCTTACAAGG-1,1,26,50,17513,13037
ACATCGTAGACAGGTT-1,1,28,50,17513,12819
ACATCGTCGGTCTACC-1,1,30,50,17513,12602
ACATCTACCTGTTCTA-1,1,32,50,17513,12384
ACATCTATCCGAACCA-1,1,34,50,17513,12167
ACATCTCAGTATTGCA-1,1,36,50,17513,11950
ACATCTCGACAACCAC-1,1,38,50,17514,11732
ACATCTCGCATAGAAT-1,1,40,50,17514,11515
ACATCTGACCTTGTCT-1,1,42,50,17514,11297
ACATGGATGCGTAAGC-1,1,44,50,17514,11080
ACATGTTCACCGGCAG-1,1,46,50,17514,10862
ACATGTTCCACTGATA-1,1,48,50,17514,10645
ACATGTTCCAGGACGT-1,1,50,50,17514,10427
ACATGTTGCTTGATCT-1,1,52,50,17514,10210
ACATTCCTGAGTTCCG-1,1,54,50,17514,9992
ACATTGAACTAAGCTA-1,1,56,50,17514,9775
ACATTGAAGGCGGTGC-1,1,58,50,17514,9558
ACATTGAATACGCATA-1,1,60,50,17514,9340
ACATTGCAGTTCGGCA-1,1,62,50,17515,9123
ACATTGGTTCACAGTG-1,1,13,51,17450,14450
ACATTGGTTCTGCCGT-1,1,15,51,17450,14233
ACATTGTACATTCTTG-1,1,17,51,17450,14015
ACCAAGCACTTGCGCA-1,1,19,51,17450,13798
ACCAAGGCTTCGCTAG-1,1,21,51,17450,13580
ACCAAGTGATGGTGAG-1,1,23,51,17450,13363
ACCAAGTGGCTGTATG-1,1,25,51,17450,13146
ACCAATCATGGTTCAT-1,1,27,51,17451,12928
ACCAATGAGCCTCATC-1,1,29,51,17451,12711
ACCAATGATCGCGGCC-1,1,31,51,17451,12493
ACCACGGAAGTTAATT-1,1,33,51,17451,12276
ACCACGGATCCGGATA-1,1,35,51,17451,12058
ACCACGGCCTCGCACC-1,1,37,51,17451,11841
ACCAGCACTCCAATAC-1,1,39,51,17451,11623
ACCAGTATGAAGTTCC-1,1,41,51,17451,11406
ACCATAACTCCTCGTA-1,1,43,51,17451,11188
ACCATCCGTTCGAGTG-1,1,45,51,17451,10971
ACCATTAGATCGTGGC-1,1,47,51,17451,10754
ACCGAAGATGTCGGCA-1,1,49,51,17451,10536
ACCGAAGCCGAATTAA-1,1,51,51,17452,10319
ACCGAGAACGTGTTGG-1,1,53,51,17452,10101
ACCGAGGTGATACCGA-1,1,55,51,17452,9884
ACCGATTCCGGATACT-1,1,57,51,17452,9666
ACCGATTGAGGATCTG-1,1,59,51,17452,9449
ACCGCAGGTCGAGTTG-1,1,61,51,17452,9231
ACCGCTTGCTAAGCAG-1,1,63,51,17452,9014
ACCGGACGCCAAGCGT-1,1,14,52,17388,14342
ACCGGCACCATACTGC-1,1,16,52,17388,14124
ACCGGCACGTACGAAC-1,1,18,52,17388,13907
ACCGGCCGACCTGCAC-1,1,20,52,17388,13689
ACCGGCCTCAGGAGTT-1,1,22,52,17388,13472
ACCGGCTATCGTGCGG-1,1,24,52,17388,13254
ACCGTACACGACCGTC-1,1,26,52,17388,13037
ACCGTACTATCGGAGG-1,1,28,52,17388,12819
ACCGTAGGCGGAGGTT-1,1,30,52,17388,12602
ACCGTCGAGTATACTC-1,1,32,52,17388,12384
ACCGTGTTATAAGTCG-1,1,34,52,17388,12167
ACCTAACAATCTTCAA-1,1,36,52,17388,11950
ACCTAAGTAGAACAGA-1,1,38,52,17389,11732
ACCTAAGTGATAATCA-1,1,40,52,17389,11515
ACCTAATGTTACCAAT-1,1,42,52,17389,11297
ACCTAATTGTCGCTGA-1,1,44,52,17389,11080
ACCTATAACGAACTAC-1,1,46,52,17389,10862
ACCTATGCTACCGGAT-1,1,48,52,17389,10645
ACCTCCACAGCTACGT-1,1,50,52,17389,10427
ACCTCCGATTATAAGA-1,1,52,52,17389,10210
ACCTCCTAGAGGCATG-1,1,54,52,17389,9992
ACCTCGCACTAAGAGC-1,1,56,52,17389,9775
ACCTGAGCAGGACCGC-1,1,58,52,17389,9557
ACCTGCACTAGATGGC-1,1,60,52,17389,9340
ACCTGCCACTATCAAT-1,1,62,52,17390,9123
ACCTGCCACTGCGGTT-1,1,13,53,17325,14450
ACCTGCCAGAGGATCT-1,1,15,53,17325,14233
ACCTGCTTATAGTTCG-1,1,17,53,17325,14015
ACCTGCTTCCACATTG-1,1,19,53,17325,13798
ACCTGCTTGAGCCTGG-1,1,21,53,17325,13580
ACCTGCTTGCTACGAC-1,1,23,53,17325,13363
ACCTGTAACCGAATAA-1,1,25,53,17326,13146
ACCTGTCTGCGGTTGT-1,1,27,53,17326,12928
ACCTGTGGCGCTGCAA-1,1,29,53,17326,12711
ACCTGTGGTCACCTCG-1,1,31,53,17326,12493
ACCTTCAGACCTCGGT-1,1,33,53,17326,12276
ACCTTCGGTGCTACGA-1,1,35,53,17326,12058
ACCTTGGCTCTGTAAG-1,1,37,53,17326,11841
ACGAACATAGGATCGG-1,1,39,53,17326,11623
ACGAACGCACGAGCAC-1,1,41,53,17326,11406
ACGAAGATCGAATTGA-1,1,43,53,17326,11188
ACGAAGCCACCTGAGG-1,1,45,53,17326,10971
ACGAAGCTCATCCTCG-1,1,47,53,17326,10753
ACGAAGTTCCAGCACC-1,1,49,53,17327,10536
ACGACAAGCACTTCAC-1,1,51,53,17327,10319
ACGACTGAAGACTTAC-1,1,53,53,17327,10101
ACGAGGACAACTCACC-1,1,55,53,17327,9884
ACGAGGACCTGCTAGT-1,1,57,53,17327,9666
ACGAGGCTAGGTGGCT-1,1,59,53,17327,9449
ACGAGGCTTAATCACG-1,1,61,53,17327,9231
ACGAGTGCGTGCGTTC-1,1,63,53,17327,9014
ACGATGACTATTAGAT-1,1,14,54,17263,14342
ACGATGCGAAGGAGCA-1,1,16,54,17263,14124
ACGATGCTCCAATACA-1,1,18,54,17263,13907
ACGATGTCGCACAATC-1,1,20,54,17263,13689
ACGATGTCGTTGCCAA-1,1,22,54,17263,13472
ACGATGTTACCTCATT-1,1,24,54,17263,13254
ACGCAACGAAGAGTAT-1,1,26,54,17263,13037
ACGCAACGTGTAATTG-1,1,28,54,17263,12819
ACGCAAGCTCCGCTTA-1,1,30,54,17263,12602
ACGCAAGGCATAAGTC-1,1,32,54,17263,12384
ACGCAAGGCGTCCAAT-1,1,34,54,17263,12167
ACGCAATAGTATACGA-1,1,36,54,17263,11949
ACGCACATTGTAAGTA-1,1,38,54,17264,11732
ACGCATCGTCGAGCAG-1,1,40,54,17264,11515
ACGCCGGCATAGTCAG-1,1,42,54,17264,11297
ACGCCGGCATCACTGG-1,1,44,54,17264,11080
ACGCCTCCGATGTTCC-1,1,46,54,17264,10862
ACGCGGAAGAGTTCCG-1,1,48,54,17264,10645
ACGCGGCTCAAGTTCA-1,1,50,54,17264,10427
ACGCGTAGACTCAACT-1,1,52,54,17264,10210
ACGCGTCGGTGAGGTT-1,1,54,54,17264,9992
ACGCGTTCCAGCCTTC-1,1,56,54,17264,9775
ACGCGTTCGCGATCAT-1,1,58,54,17264,9557
ACGCTCAGTGCACCGT-1,1,60,54,17264,9340
ACGCTCAGTGCTATTC-1,1,62,54,17265,9123
ACGCTGCGATTAACGA-1,1,13,55,17200,14450
ACGGCCGGAACGCTAG-1,1,15,55,17200,14233
ACGGCCGTCAACGTAT-1,1,17,55,17200,14015
ACGGCCGTGACATTAA-1,1,19,55,17200,13798
ACGGCCTGGCTAAGTT-1,1,21,55,17200,13580
ACGGCCTTGCCAGAAC-1,1,23,55,17200,13363
ACGGCTATGGCATACC-1,1,25,55,17201,13145
ACGGCTTAACGATAGT-1,1,27,55,17201,12928
ACGGCTTACGTATGCC-1,1,29,55,17201,12711
ACGGCTTATTGGTATG-1,1,31,55,17201,12493
ACGGCTTCAGGTACCG-1,1,33,55,17201,12276
ACGGCTTCCATCGGAA-1,1,35,55,17201,12058
ACGGCTTCGATTAAGC-1,1,37,55,17201,11841
ACGGCTTGTTCAATCG-1,1,39,55,17201,11623
ACGGTCGCATCTAGAA-1,1,41,55,17201,11406
ACGGTCGGACAGGCGA-1,1,43,55,17201,11188
ACGGTGATAATGTTAC-1,1,45,55,17201,10971
ACGGTGTACGGTGCCA-1,1,47,55,17201,10753
ACGGTTACATCCGAAG-1,1,49,55,17202,10536
ACGGTTCACCTTCCGG-1,1,51,55,17202,10319
ACGGTTCGCAAGTAAC-1,1,53,55,17202,10101
ACGGTTCGTACAGTTG-1,1,55,55,17202,9884
ACGGTTCGTCCGACCG-1,1,57,55,17202,9666
ACGTCAGATTACTTCG-1,1,59,55,17202,9449
ACGTGCAATTATTCGG-1,1,61,55,17202,9231
ACGTTAATACAATGAC-1,1,63,55,17202,9014
ACGTTACGCAGACAGC-1,1,14,56,17138,14341
ACGTTAGGCTCAAGCC-1,1,16,56,17138,14124
ACGTTAGTACTGGACA-1,1,18,56,17138,13907
ACGTTCACATGATCTG-1,1,20,56,17138,13689
ACGTTCACGACTAGGT-1,1,22,56,17138,13472
ACGTTCACTAGTTGTA-1,1,24,56,17138,13254
ACGTTCCATTACCTCA-1,1,26,56,17138,13037
ACGTTCGTCCGCCTAT-1,1,28,56,17138,12819
ACGTTCTATGCACGAC-1,1,30,56,17138,12602
ACGTTCTGCCATAATC-1,1,32,56,17138,12384
ACTAATAGTCAACATA-1,1,34,56,17138,12167
ACTAATCGGCCACCGA-1,1,36,56,17138,11949
ACTAATGCCTTGCATC-1,1,38,56,17139,11732
ACTAATTCTATGCGCA-1,1,40,56,17139,11515
ACTACAATGACCGTAA-1,1,42,56,17139,11297
ACTACCAACTGTGGCT-1,1,44,56,17139,11080
ACTACCTTGGTTGACC-1,1,46,56,17139,10862
ACTACGCCTCATGATT-1,1,48,56,17139,10645
ACTACGTCTAATGGCC-1,1,50,56,17139,10427
ACTAGATCTGAAGCGG-1,1,52,56,17139,10210
ACTATCAAGGACGGAA-1,1,54,56,17139,9992
ACTATGAGGTTCTGTC-1,1,56,56,17139,9775
ACTATTACCAGGTGCT-1,1,58,56,17139,9557
ACTATTAGACAGGCTG-1,1,60,56,17140,9340
ACTATTAGCCTAATCG-1,1,62,56,17140,9122
ACTATTGCGAGCTAGA-1,1,13,57,17075,14450
ACTATTGTTCGCACAG-1,1,15,57,17075,14233
ACTCAGCGGTAGATTG-1,1,17,57,17075,14015
ACTCAGCTCGAGTGTC-1,1,19,57,17075,13798
ACTCAGCTTCTGAGAC-1,1,21,57,17075,13580
ACTCAGGCCTGCAACT-1,1,23,57,17075,13363
ACTCAGTAGATACAAT-1,1,25,57,17076,13145
ACTCAGTGAGCCTCCA-1,1,27,57,17076,12928
ACTCCACGTTCGCTAC-1,1,29,57,17076,12711
ACTCCAGGCCGAAGAC-1,1,31,57,17076,12493
ACTCCAGTAGCTCCAG-1,1,33,57,17076,12276
ACTCCTATGTTCCTAC-1,1,35,57,17076,12058
ACTCCTGACCACTGAG-1,1,37,57,17076,11841
ACTCCTGCGGCAACCA-1,1,39,57,17076,11623
ACTCCTTGTCCAGACC-1,1,41,57,17076,11406
ACTCGAACGTTCGTTA-1,1,43,57,17076,11188
ACTCGACGTACACGCC-1,1,45,57,17076,10971
ACTCGAGTCCAAGTTG-1,1,47,57,17076,10753
ACTCGATAAGACCAGG-1,1,49,57,17077,10536
ACTCGATTGATATCCA-1,1,51,57,17077,10318
ACTCGTATTGTCAGAA-1,1,53,57,17077,10101
ACTCGTTCCTGATACA-1,1,55,57,17077,9884
ACTCTAAGCTTGCGCC-1,1,57,57,17077,9666
ACTCTACTTCCGCATT-1,1,59,57,17077,9449
ACTCTGACCTTACTGA-1,1,61,57,17077,9231
ACTCTTGCGGAGAACC-1,1,63,57,17077,9014
ACTGACGGCCATGTCT-1,1,14,58,17013,14341
ACTGACGGCGAATAGT-1,1,16,58,17013,14124
ACTGACGTGATATTGG-1,1,18,58,17013,13907
ACTGACTCTGCTGGCC-1,1,20,58,17013,13689
ACTGACTGTCATCTAC-1,1,22,58,17013,13472
ACTGAGACCTTAGCAC-1,1,24,58,17013,13254
ACTGAGCAAGAACACG-1,1,26,58,17013,13037
ACTGAGCGATTACTAA-1,1,28,58,17013,12819
ACTGAGCGCAACTCAT-1,1,30,58,17013,12602
ACTGAGGATAGGCGCT-1,1,32,58,17013,12384
ACTGATACAGAACGTC-1,1,34,58,17013,12167
ACTGATACCTTCACTA-1,1,36,58,17014,11949
ACTGATACTCCATTAC-1,1,38,58,17014,11732
ACTGATAGCACGGTCT-1,1,40,58,17014,11514
ACTGATGTCCACTCGC-1,1,42,58,17014,11297
ACTGCAACTTCAGTCA-1,1,44,58,17014,11080
ACTGCAAGGCTTCTCG-1,1,46,58,17014,10862
ACTGCATCTTGTTCCA-1,1,48,58,17014,10645
ACTGCCGTTGGTGAGC-1,1,50,58,17014,10427
ACTGGTAAGGCCTCAG-1,1,52,58,17014,10210
ACTGGTGATTCCGATC-1,1,54,58,17014,9992
ACTGGTTCTGAACGAT-1,1,56,58,17014,9775
ACTGTACAATTCTACT-1,1,58,58,17014,9557
ACTGTACATCCGATAC-1,1,60,58,17015,9340
ACTGTAGACAAGGAAT-1,1,62,58,17015,9122
ACTGTAGAGTGCCGGC-1,1,13,59,16950,14450
ACTGTAGCAGCTTCTG-1,1,15,59,16950,14233
ACTGTATGATCCTCAT-1,1,17,59,16950,14015
ACTGTATTCTAGTCCA-1,1,19,59,16950,13798
ACTTAAGCCAGTAGGA-1,1,21,59,16950,13580
ACTTCGACGGATCATT-1,1,23,59,16950,13363
ACTTGAAGCGAGCGGT-1,1,25,59,16951,13145
ACTTGAATGTATTGGA-1,1,27,59,16951,12928
ACTTGAATTAACTTAG-1,1,29,59,16951,12710
ACTTGAATTAGCCGGT-1,1,31,59,16951,12493
ACTTGACTGAGCACGA-1,1,33,59,16951,12276
ACTTGAGCACGAACAT-1,1,35,59,16951,12058
ACTTGAGCCGTTCTTA-1,1,37,59,16951,11841
AGAACAGGAGCATGGA-1,1,39,59,16951,11623
AGAACATACTGGTCGT-1,1,41,59,16951,11406
AGAACTTCGATGCGTA-1,1,43,59,16951,11188
AGAAGCAATGAGGAAC-1,1,45,59,16951,10971
AGAAGCAGCCTAAGCT-1,1,47,59,16951,10753
AGAAGCGATGTTCTAA-1,1,49,59,16952,10536
AGAAGCTGGCCTAGTG-1,1,51,59,16952,10318
AGAAGCTTGCCTCCGC-1,1,53,59,16952,10101
AGAAGGATGGTATGAA-1,1,55,59,16952,9884
AGAAGGCGTAGAATAG-1,1,57,59,16952,9666
AGAAGTTAACCAGAGC-1,1,59,59,16952,9449
AGAAGTTGAGCGCAAG-1,1,61,59,16952,9231
AGAATTCTGTTGACAA-1,1,63,59,16952,9014
AGACAAGACGTATCGC-1,1,14,60,16888,14341
AGACATCTTAGCACCT-1,1,16,60,16888,14124
AGACCGAACCGATGTC-1,1,18,60,16888,13906
AGACCGAAGACTACTC-1,1,20,60,16888,13689
AGACCGACCGCAGACA-1,1,22,60,16888,13472
AGACCGCCAAGTTCAA-1,1,24,60,16888,13254
AGACCGCCGGCCAATG-1,1,26,60,16888,13037
AGACCGGACTGTCCAT-1,1,28,60,16888,12819
AGACCGGAGCAACGCT-1,1,30,60,16888,12602
AGACCGGTATCCGTGG-1,1,32,60,16888,12384
AGACCGTCACTGAGCT-1,1,34,60,16888,12167
AGACCGTCATTAGTTA-1,1,36,60,16889,11949
AGACCTATCCTTATAG-1,1,38,60,16889,11732
AGACCTCAGCGAGGTG-1,1,40,60,16889,11514
AGACCTGATAACAGTG-1,1,42,60,16889,11297
AGACCTTCGCGTGAAC-1,1,44,60,16889,11080
AGACGAGTATACGGAA-1,1,46,60,16889,10862
AGACGATGCTGATAAT-1,1,48,60,16889,10645
AGACGCGTGATGCATC-1,1,50,60,16889,10427
AGACGCTTGGCCTCAC-1,1,52,60,16889,10210
AGACGGCCTTACGGAG-1,1,54,60,16889,9992
AGACGTAGGCGGACCG-1,1,56,60,16889,9775
AGACGTGGCGTTGAGT-1,1,58,60,16889,9557
AGACGTTGCACCGCCA-1,1,60,60,16890,9340
AGACTACGTGCTCCAT-1,1,62,60,16890,9122
AGACTCAGACAGATAA-1,1,13,61,16825,14450
AGACTCATGACCTGGC-1,1,15,61,16825,14233
AGACTCATTGCGGACA-1,1,17,61,16825,14015
AGACTCCGCTTCGTAT-1,1,19,61,16825,13798
AGACTCCTGTATGGCG-1,1,21,61,16825,13580
AGACTCCTTATCATAC-1,1,23,61,16826,13363
AGACTCGACTCCTAAT-1,1,25,61,16826,13145
AGACTCTATTAGCGCT-1,1,27,61,16826,12928
AGACTGGAACCGTTGG-1,1,29,61,16826,12710
AGACTGGTAAGGAGGT-1,1,31,61,16826,12493
AGATAACCAATACGCC-1,1,33,61,16826,12276
AGATAAGCCACTCATA-1,1,35,61,16826,12058
AGATAAGTGCTACGAC-1,1,37,61,16826,11841
AGATACAAGGATGGTG-1,1,39,61,16826,11623
AGATACATCTACGCAC-1,1,41,61,16826,11406
AGATACTAATCAGGCG-1,1,43,61,16826,11188
AGATAGGTGAATTGCC-1,1,45,61,16826,10971
AGATAGGTGACCGCGT-1,1,47,61,16827,10753
AGATCAACTCGCTATG-1,1,49,61,16827,10536
AGATCAAGCATCTACT-1,1,51,61,16827,10318
AGATCAGTCGATAGAA-1,1,53,61,16827,10101
AGATCATTCACGCTGT-1,1,55,61,16827,9883
AGATCTAACGAGCTCA-1,1,57,61,16827,9666
AGATCTAACGTAATGT-1,1,59,61,16827,9449
AGATCTCCGCCTTATT-1,1,61,61,16827,9231
AGATGAGGCGCCTCCA-1,1,63,61,16827,9014
AGATGCACGTAGGTGC-1,1,14,62,16763,14341
AGATGCGGCTAGTGAC-1,1,16,62,16763,14124
AGATGCTCCGTCATCT-1,1,18,62,16763,13906
AGATTGAGTTAGGAAC-1,1,20,62,16763,13689
AGATTGCGCCTCGCTC-1,1,22,62,16763,13472
AGCAACAGTATGTCGC-1,1,24,62,16763,13254
AGCAATAACAATTCCA-1,1,26,62,16763,13037
AGCACCTCCAATCACG-1,1,28,62,16763,12819
AGCACGAGATAACGGT-1,1,30,62,16763,12602
AGCACGATACCTAAGC-1,1,32,62,16763,12384
AGCACGCTCGATCTAA-1,1,34,62,16763,12167
AGCACGGAGGCAGTCA-1,1,36,62,16764,11949
AGCACGTGCACCTCTG-1,1,38,62,16764,11732
AGCACGTGCACTGTAA-1,1,40,62,16764,11514
AGCACTCATACAGAAC-1,1,42,62,16764,11297
AGCACTGCATCCTAGC-1,1,44,62,16764,11079
AGCAGGATAGGTCTCC-1,1,46,62,16764,10862
AGCAGGTAAGTATCTG-1,1,48,62,16764,10645
AGCAGGTATGCCATTG-1,1,50,62,16764,10427
AGCAGGTGCAATGGTT-1,1,52,62,16764,10210
AGCATAATTCCAGATA-1,1,54,62,16764,9992
AGCATCCTGACAGCCG-1,1,56,62,16764,9775
AGCATGAGCGAATATT-1,1,58,62,16764,9557
AGCATGCACCGCGTCA-1,1,60,62,16765,9340
AGCATTAGACGGATTG-1,1,62,62,16765,9122
AGCCAGATACTCGAAC-1,1,13,63,16700,14450
AGCCAGATCAAGATTC-1,1,15,63,16700,14233
AGCCAGCGGCAAGCGT-1,1,17,63,16700,14015
AGCCAGCGTTACAGTC-1,1,19,63,16700,13798
AGCCATCCGTCAACTC-1,1,21,63,16700,13580
AGCCGACCGATGTACA-1,1,23,63,16701,13363
AGCCGATGTTCTACTC-1,1,25,63,16701,13145
AGCCGGCCTATTCCAG-1,1,27,63,16701,12928
AGCCGTAGACTCTGAA-1,1,29,63,16701,12710
AGCCGTAGTGGAGTGC-1,1,31,63,16701,12493
AGCCGTATCTTCGTCT-1,1,33,63,16701,12275
AGCCGTATTCAACCGT-1,1,35,63,16701,12058
AGCCGTTGCATCCTAG-1,1,37,63,16701,11841
AGCCTACGGTGACCAA-1,1,39,63,16701,11623
AGCCTCCGAACTACCA-1,1,41,63,16701,11406
AGCCTCGCATGGTCCT-1,1,43,63,16701,11188
AGCCTCTATGCAGCAA-1,1,45,63,16701,10971
AGCCTCTGTTCCGATG-1,1,47,63,16702,10753
AGCGACAGCTACATCG-1,1,49,63,16702,10536
AGCGACATTCGATCTG-1,1,51,63,16702,10318
AGCGACCGTTCTATAC-1,1,53,63,16702,10101
AGCGACTATGTATCTT-1,1,55,63,16702,9883
AGCGAGAACAGATTCT-1,1,57,63,16702,9666
AGCGAGGAACTGGTCC-1,1,59,63,16702,9448
AGCGCAGATGAGGTGC-1,1,61,63,16702,9231
AGCGCATCGTGGTCGA-1,1,63,63,16702,9014
AGCGCTAGGTACGCAA-1,1,14,64,16638,14341
AGCGGAATGTCGCTGT-1,1,16,64,16638,14124
AGCGGCGAATAATCTT-1,1,18,64,16638,13906
AGCGGTACGCCGAGAA-1,1,20,64,16638,13689
AGCGGTACGGCGCATC-1,1,22,64,16638,13471
AGCGGTGAGTGACATG-1,1,24,64,16638,13254
AGCGGTGCAGGCATCT-1,1,26,64,16638,13037
AGCGGTTAATCGAAGT-1,1,28,64,16638,12819
AGCGGTTACAATACGC-1,1,30,64,16638,12602
AGCGGTTAGACTCGCC-1,1,32,64,16638,12384
AGCGTGCCTGTATGCC-1,1,34,64,16639,12167
AGCGTGCGCCTGATCG-1,1,36,64,16639,11949
AGCGTGCTTCGCTCAT-1,1,38,64,16639,11732
AGCGTGGCACCGACAA-1,1,40,64,16639,11514
AGCGTGTATGTACGGT-1,1,42,64,16639,11297
AGCGTTACAGTCCTGG-1,1,44,64,16639,11079
AGCGTTATACCTGTTG-1,1,46,64,16639,10862
AGCGTTATAGCGCACT-1,1,48,64,16639,10644
AGCGTTGGCTCACGAT-1,1,50,64,16639,10427
AGCTACCAGCGTTACT-1,1,52,64,16639,10210
AGCTAGCGTACAGTAA-1,1,54,64,16639,9992
AGCTATAAGTCCAGCA-1,1,56,64,16639,9775
AGCTATAGAATAGTCT-1,1,58,64,16640,9557
AGCTCAACATCGTCCG-1,1,60,64,16640,9340
AGCTCACTATGCAGTT-1,1,62,64,16640,9122
AGCTCATTAACGAATG-1,1,13,65,16575,14450
AGCTCGACAGGCGATA-1,1,15,65,16575,14233
AGCTCGCATTAGGATT-1,1,17,65,16575,14015
AGCTGACGTAACGCTG-1,1,19,65,16575,13798
AGCTGATCGGATTGTT-1,1,21,65,16575,13580
AGCTGTACGCTGACTC-1,1,23,65,16576,13363
AGCTGTCCAGATGCTA-1,1,25,65,16576,13145
AGCTGTTCCGGTGATT-1,1,27,65,16576,12928
AGCTGTTGAAGGCCTT-1,1,29,65,16576,12710
AGCTTCGCTGCGGTCA-1,1,31,65,16576,12493
AGCTTGAGTCAGGCCG-1,1,33,65,16576,12275
AGCTTGGATGCAAGCC-1,1,35,65,16576,12058
AGGAATTACGGTGACG-1,1,37,65,16576,11840
AGGACCAGTAACCTAA-1,1,39,65,16576,11623
AGGACCAGTGCGCCAG-1,1,41,65,16576,11406
AGGACCGCAATAGTTA-1,1,43,65,16576,11188
AGGACCGTAGATGCTA-1,1,45,65,16576,10971
AGGACCTGTACCATTC-1,1,47,65,16577,10753
AGGACGAAGCCTCCTT-1,1,49,65,16577,10536
AGGACGAATGCTTCAA-1,1,51,65,16577,10318
AGGACGTATCGCCGTA-1,1,53,65,16577,10101
AGGACGTCGGCACGAA-1,1,55,65,16577,9883
AGGACTAGGACCGCAG-1,1,57,65,16577,9666
AGGACTGAAGTGCCTT-1,1,59,65,16577,9448
AGGACTGGATGAAGAC-1,1,61,65,16577,9231
AGGAGCAGAACATCTT-1,1,63,65,16577,9014
AGGAGCAGCGTTAATA-1,1,14,66,16513,14341
AGGAGCATAATCCACT-1,1,16,66,16513,14124
AGGAGCATCACTCAGC-1,1,18,66,16513,13906
AGGAGCATCTTAACTC-1,1,20,66,16513,13689
AGGAGCCGCTGAGTAG-1,1,22,66,16513,13471
AGGAGCCTCGAACGTT-1,1,24,66,16513,13254
AGGAGCCTTCGCCTTA-1,1,26,66,16513,13036
AGGAGCGAATGCGTTA-1,1,28,66,16513,12819
AGGAGCTATGAACACT-1,1,30,66,16513,12602
AGGAGCTGCAAGGACT-1,1,32,66,16513,12384
AGGAGTACAGTGCATA-1,1,34,66,16514,12167
AGGATAACCGGTCGGA-1,1,36,66,16514,11949
AGGATACCTCCGAGCG-1,1,38,66,16514,11732
AGGATAGAGTTAATCA-1,1,40,66,16514,11514
AGGATAGATAATTGGA-1,1,42,66,16514,11297
AGGATAGGCTCAGTTG-1,1,44,66,16514,11079
AGGATATCGCGAATAC-1,1,46,66,16514,10862
AGGATCAACATTCGTT-1,1,48,66,16514,10644
AGGATCCGTAAGTAAT-1,1,50,66,16514,10427
AGGATCCGTGAGGCGG-1,1,52,66,16514,10210
AGGATCGAGCACCGCC-1,1,54,66,16514,9992
AGGATCTTAATGGTGA-1,1,56,66,16514,9775
AGGATGAGTGCGTGCG-1,1,58,66,16515,9557
AGGATGCTCGACAGTC-1,1,60,66,16515,9340
AGGATTCCTTGCTGCG-1,1,62,66,16515,9122
AGGATTCTACGCCTAG-1,1,13,67,16450,14450
AGGCAACAGCGTTCGC-1,1,15,67,16450,14232
AGGCAACTAGCGTACC-1,1,17,67,16450,14015
AGGCAATGTCAGCTGG-1,1,19,67,16450,13798
AGGCATGCATGGAATT-1,1,21,67,16451,13580
AGGCATTAAGTCTGGC-1,1,23,67,16451,13363
AGGCATTACTATAGTA-1,1,25,67,16451,13145
AGGCCGCAGAATAACG-1,1,27,67,16451,12928
AGGCCTGTCTAGTGGC-1,1,29,67,16451,12710
AGGCCTTGTCGTTGAT-1,1,31,67,16451,12493
AGGCGATTCCACTTCT-1,1,33,67,16451,12275
AGGCTGCAGCTCAGGC-1,1,35,67,16451,12058
AGGCTGCGCAGCAACT-1,1,37,67,16451,11840
AGGCTTAACCGATTGT-1,1,39,67,16451,11623
AGGCTTAGCATTAACC-1,1,41,67,16451,11406
AGGTACAGCTATGATA-1,1,43,67,16451,11188
AGGTACCAGACGCCAG-1,1,45,67,16452,10971
AGGTACGGAAGTCAAC-1,1,47,67,16452,10753
AGGTACGTGATATCTG-1,1,49,67,16452,10536
AGGTACTCTGCCACCG-1,1,51,67,16452,10318
AGGTCACCTCCGCCTC-1,1,53,67,16452,10101
AGGTCGAGGTCTAGGC-1,1,55,67,16452,9883
AGGTCTCACGCCAATA-1,1,57,67,16452,9666
AGGTCTTCCATCGCCG-1,1,59,67,16452,9448
AGGTGAAGTGACGACT-1,1,61,67,16452,9231
AGGTGAATCCACAACC-1,1,63,67,16452,9013
AGGTGAGCAATGTCTT-1,1,14,68,16388,14341
AGGTGAGGTAGAATAC-1,1,16,68,16388,14124
AGGTGATTGGCGGTAT-1,1,18,68,16388,13906
AGGTGGACTTGCCACC-1,1,20,68,16388,13689
AGGTGGCACTTGTCAG-1,1,22,68,16388,13471
AGGTGGCTGTCGCCAA-1,1,24,68,16388,13254
AGGTTACATTCCACGC-1,1,26,68,16388,13036
AGGTTAGTGGCCATAG-1,1,28,68,16388,12819
AGGTTCCACGCCGAAG-1,1,30,68,16388,12602
AGGTTGAGTAGGAGAT-1,1,32,68,16388,12384
AGTAACCGCAGGTCAA-1,1,34,68,16389,12167
AGTAAGCTCGGCCAAT-1,1,36,68,16389,11949
AGTACATATGTAGGAA-1,1,38,68,16389,11732
AGTACCGAACCGCAAT-1,1,40,68,16389,11514
AGTACCGTTGTACGCC-1,1,42,68,16389,11297
AGTAGACAGATAACGG-1,1,44,68,16389,11079
AGTAGACAGTAAGGAG-1,1,46,68,16389,10862
AGTAGAGCATGGACGT-1,1,48,68,16389,10644
AGTAGAGTGCCGAATG-1,1,50,68,16389,10427
AGTATTACGGTATTCG-1,1,52,68,16389,10209
AGTATTAGCTGATCGA-1,1,54,68,16389,9992
AGTATTCAGCTGAATG-1,1,56,68,16389,9775
AGTATTCGTCGGTATC-1,1,58,68,16390,9557
AGTATTGATTGAGTCA-1,1,60,68,16390,9340
AGTATTGGTATGTCTA-1,1,62,68,16390,9122
AGTCACTTATTCAAGG-1,1,13,69,16325,14450
AGTCCGTGATCACTAC-1,1,15,69,16325,14232
AGTCGCAGGAACGAGT-1,1,17,69,16325,14015
AGTCGCCACTCGGCGA-1,1,19,69,16325,13798
AGTCGGACCGTGCTTA-1,1,21,69,16326,13580
AGTCGGTCTAATCTGT-1,1,23,69,16326,13363
AGTCGGTTATACATAG-1,1,25,69,16326,13145
AGTCGGTTGGTTGGCG-1,1,27,69,16326,12928
AGTCGTTGCCGCCAAC-1,1,29,69,16326,12710
AGTCGTTGCCTTACCT-1,1,31,69,16326,12493
AGTCTAGGATTGTCAC-1,1,33,69,16326,12275
AGTCTGTTACAATAGT-1,1,35,69,16326,12058
AGTGAGCGCCTGTCCT-1,1,37,69,16326,11840
AGTGAGGTCTGTGCTC-1,1,39,69,16326,11623
AGTGAGTATTCTAAGT-1,1,41,69,16326,11405
AGTGCAATAACTAACA-1,1,43,69,16326,11188
AGTGCAGCTTCATCGG-1,1,45,69,16327,10971
AGTGCCAGATGCTCTG-1,1,47,69,16327,10753
AGTGCGCAACATGCGT-1,1,49,69,16327,10536
AGTGCTAACTCCTGGA-1,1,51,69,16327,10318
AGTGCTTCGCGGACGC-1,1,53,69,16327,10101
AGTGGTATGTCCAAGT-1,1,55,69,16327,9883
AGTGTAAGCCGAACAA-1,1,57,69,16327,9666
AGTGTAAGCCTGCAAG-1,1,59,69,16327,9448
AGTGTAAGTCCATACA-1,1,61,69,16327,9231
AGTGTACCTCTGTATG-1,1,63,69,16327,9013
AGTGTAGCTCTTATCT-1,1,14,70,16263,14341
AGTGTATGCGCTGCCT-1,1,16,70,16263,14124
AGTGTCATGGTTGTGG-1,1,18,70,16263,13906
AGTGTCGTGGCATGTT-1,1,20,70,16263,13689
AGTGTCTAGGCTAATA-1,1,22,70,16263,13471
AGTGTCTGAACTGTGG-1,1,24,70,16263,13254
AGTGTCTTAAGCTTGT-1,1,26,70,16263,13036
AGTGTTCGAGGATGAA-1,1,28,70,16263,12819
AGTTAACGAGCCACTC-1,1,30,70,16263,12601
AGTTAAGACTGGCTCC-1,1,32,70,16263,12384
AGTTAAGGTAGATACT-1,1,34,70,16264,12167
AGTTACCTCACCAGCA-1,1,36,70,16264,11949
AGTTAGAAGGACGAAT-1,1,38,70,16264,11732
AGTTATCCTGAACGAA-1,1,40,70,16264,11514
AGTTCAGTTCATACAT-1,1,42,70,16264,11297
AGTTCGGCACATACGG-1,1,44,70,16264,11079
AGTTCGTCTAGTGCAG-1,1,46,70,16264,10862
AGTTCGTGCAGACCTT-1,1,48,70,16264,10644
AGTTCGTGCATGTCGA-1,1,50,70,16264,10427
AGTTGGAAGAGTATTG-1,1,52,70,16264,10209
AGTTGGACGTTGGTAT-1,1,54,70,16264,9992
AGTTGGCAACGTTGTC-1,1,56,70,16265,9775
AGTTGGCACCAGTTAC-1,1,58,70,16265,9557
AGTTGTACTTAATGGA-1,1,60,70,16265,9340
AGTTGTCCACAGACCA-1,1,62,70,16265,9122
AGTTGTGAACCTGATG-1,1,13,71,16200,14450
ATAACCTAGAACCTGC-1,1,15,71,16200,14232
ATAACGAAGAGCACGC-1,1,17,71,16200,14015
ATAACGCCTGTAGGCA-1,1,19,71,16200,13797
ATAACGGCAAGACTCC-1,1,21,71,16201,13580
ATAACGGCGTTACACT-1,1,23,71,16201,13363
ATAACTGAACTCCTGG-1,1,25,71,16201,13145
ATAAGAATCATGCATC-1,1,27,71,16201,12928
ATAAGACCAATCGCGG-1,1,29,71,16201,12710
ATAAGGAATAGAACAT-1,1,31,71,16201,12493
ATAAGGAGCCGTGATG-1,1,33,71,16201,12275
ATAAGGCGGACAAGTT-1,1,35,71,16201,12058
ATAAGGTTAGCTCACG-1,1,37,71,16201,11840
ATAAGTACCACGAGTT-1,1,39,71,16201,11623
ATAATCCGTTCCGTTC-1,1,41,71,16201,11405
ATAATCGTAGTTATTC-1,1,43,71,16201,11188
ATAATTAGTTCTACGG-1,1,45,71,16202,10971
ATAATTATCGACCACG-1,1,47,71,16202,10753
ATACAAGGTCAGTAGA-1,1,49,71,16202,10536
ATACAATTGCGGTATT-1,1,51,71,16202,10318
ATACAGATAGATTGAC-1,1,53,71,16202,10101
ATACATCAAGGATTGC-1,1,55,71,16202,9883
ATACATCACGCCTTCT-1,1,57,71,16202,9666
ATACATCACTGTCCGG-1,1,59,71,16202,9448
ATACATCATGCACCAA-1,1,61,71,16202,9231
ATACATGCATGATCTG-1,1,63,71,16202,9013
ATACATGCTGGTGCAG-1,1,14,72,16138,14341
ATACCATAGCCAATCG-1,1,16,72,16138,14124
ATACCGTTCCAGTCCA-1,1,18,72,16138,13906
ATACGACATCTAGACC-1,1,20,72,16138,13689
ATACGCGGTGAAGCCG-1,1,22,72,16138,13471
ATACGCTGAGATCAGA-1,1,24,72,16138,13254
ATACGGCACGTTACGA-1,1,26,72,16138,13036
ATACGGCGACTGGTCT-1,1,28,72,16138,12819
ATACGGTCCTTGTCTT-1,1,30,72,16138,12601
ATACTAGCCACTTCGC-1,1,32,72,16139,12384
ATACTAGCCATTAGTT-1,1,34,72,16139,12167
ATACTAGTAACTGAGT-1,1,36,72,16139,11949
ATACTATCAACTTGTA-1,1,38,72,16139,11732
ATACTATCCGAACATA-1,1,40,72,16139,11514
ATACTATGAATGTCTT-1,1,42,72,16139,11297
ATACTATGACTTCTTA-1,1,44,72,16139,11079
ATACTATGCCAGTGAG-1,1,46,72,16139,10862
ATACTATGGTTACATT-1,1,48,72,16139,10644
ATACTCGTCCAACTGC-1,1,50,72,16139,10427
ATACTGACTTCGGCAC-1,1,52,72,16139,10209
ATACTGGACCACAGCC-1,1,54,72,16139,9992
ATACTGGAGGATAACG-1,1,56,72,16140,9774
ATACTGTCCACTACCG-1,1,58,72,16140,9557
ATAGAACCTCTACCGA-1,1,60,72,16140,9340
ATAGAACGTTCGATCT-1,1,62,72,16140,9122
ATAGAAGGAGCAGTAG-1,1,13,73,16075,14450
ATAGAATTCTACTTGA-1,1,15,73,16075,14232
ATAGAATTCTAGGCCG-1,1,17,73,16075,14015
ATAGACATGGCTATGG-1,1,19,73,16075,13797
ATAGATCGGCATCCGA-1,1,21,73,16076,13580
ATAGATGCCTAAGCAC-1,1,23,73,16076,13363
ATAGATTGAGTTCGAG-1,1,25,73,16076,13145
ATAGCACCTGCTGTCT-1,1,27,73,16076,12928
ATAGCCGGCGACCGTC-1,1,29,73,16076,12710
ATAGCGGCGAGTAATT-1,1,31,73,16076,12493
ATAGCTATTCGCACTC-1,1,33,73,16076,12275
ATAGCTGCGGATAAGA-1,1,35,73,16076,12058
ATAGCTGTGAATCGGC-1,1,37,73,16076,11840
ATAGCTTCACAACCGT-1,1,39,73,16076,11623
ATAGCTTCGTGGAACG-1,1,41,73,16076,11405
ATAGGCCGATAGAAGT-1,1,43,73,16076,11188
ATAGGCCGATGATCTA-1,1,45,73,16077,10970
ATAGGCCGGTAATTCT-1,1,47,73,16077,10753
ATAGTACTATGGTTCT-1,1,49,73,16077,10536
ATAGTCCGCCGTTGGC-1,1,51,73,16077,10318
ATAGTCGAAGGAAGCT-1,1,53,73,16077,10101
ATAGTCGCTAAGGTAT-1,1,55,73,16077,9883
ATAGTGACGAATAGAT-1,1,57,73,16077,9666
ATAGTGAGTGAGGATT-1,1,59,73,16077,9448
ATAGTGTCAGATGTAG-1,1,61,73,16077,9231
ATAGTTAAGCCTGCCG-1,1,63,73,16077,9013
ATAGTTAAGGCACGAG-1,1,14,74,16013,14341
ATAGTTAGTCCTTAAT-1,1,16,74,16013,14124
ATAGTTCATCGGATCT-1,1,18,74,16013,13906
ATAGTTCCTAGGCCGG-1,1,20,74,16013,13689
ATAGTTCGCAGCCGTG-1,1,22,74,16013,13471
ATAGTTCGGTTCCAGA-1,1,24,74,16013,13254
ATCAACATAAGCGTAG-1,1,26,74,16013,13036
ATCAAGGAGCTTACAT-1,1,28,74,16013,12819
ATCAAGTGGTGATGGC-1,1,30,74,16013,12601
ATCAATCTGCAGGACC-1,1,32,74,16014,12384
ATCAATGGTTGTACCT-1,1,34,74,16014,12166
ATCAATGTCAACTCGG-1,1,36,74,16014,11949
ATCACCAGTTCGGCGA-1,1,38,74,16014,11732
ATCACGTTCAATGATA-1,1,40,74,16014,11514
ATCACTTAGGCCTTGT-1,1,42,74,16014,11297
ATCAGATACCAGCTGT-1,1,44,74,16014,11079
ATCAGTAAGCTCGCCG-1,1,46,74,16014,10862
ATCATTCACCAGATTG-1,1,48,74,16014,10644
ATCATTCCAACTTCGC-1,1,50,74,16014,10427
ATCATTCCACTTAGCA-1,1,52,74,16014,10209
ATCATTCGGACAACAG-1,1,54,74,16014,9992
ATCATTGTCCATGCCA-1,1,56,74,16015,9774
ATCCAACGCATGGTAC-1,1,58,74,16015,9557
ATCCAACGCCACATCG-1,1,60,74,16015,9340
ATCCACATCACTGCCG-1,1,62,74,16015,9122
ATCCACATGTTGGACC-1,1,13,75,15950,14450
ATCCACGAACGTTCGG-1,1,15,75,15950,14232
ATCCACGACACGAATG-1,1,17,75,15950,14015
ATCCACTCGTACTCGG-1,1,19,75,15951,13797
ATCCGAACGCAACCTT-1,1,21,75,15951,13580
ATCCGAGTACAGGAAT-1,1,23,75,15951,13362
ATCCGAGTACCACGTG-1,1,25,75,15951,13145
ATCCGAGTCACTTGTA-1,1,27,75,15951,12928
ATCCGATGACCTCGGA-1,1,29,75,15951,12710
ATCCGATGTCTGTCAC-1,1,31,75,15951,12493
ATCCGATTATCTACGT-1,1,33,75,15951,12275
ATCCGGATCGCCGTAT-1,1,35,75,15951,12058
ATCCGGATGACGTAAC-1,1,37,75,15951,11840
ATCCGGATTACCGGTC-1,1,39,75,15951,11623
ATCCGGCGTAGTCTGA-1,1,41,75,15951,11405
ATCCGGTACCGTCCTT-1,1,43,75,15952,11188
ATCCGGTATCACAAGT-1,1,45,75,15952,10970
ATCCGTAGCTTCAGTA-1,1,47,75,15952,10753
ATCCGTAGTGTCGCTC-1,1,49,75,15952,10536
ATCCGTGGAACTTCAA-1,1,51,75,15952,10318
ATCCGTTATCGAAGGC-1,1,53,75,15952,10101
ATCCTCCAGCCATTGT-1,1,55,75,15952,9883
ATCCTCGTTCCAGGCC-1,1,57,75,15952,9666
ATCGAACATGCTAAGC-1,1,59,75,15952,9448
ATCGAACTCGTCCGGC-1,1,61,75,15952,9231
ATCGAATCTAGCAGAC-1,1,63,75,15952,9013
ATCGACAGCGGCAACA-1,1,14,76,15888,14341
ATCGACCGGAGTATCG-1,1,16,76,15888,14124
ATCGACTAAGTACTGC-1,1,18,76,15888,13906
ATCGATGTCAGATAGA-1,1,20,76,15888,13689
ATCGCAATGCACTAAC-1,1,22,76,15888,13471
ATCGCAGTAACTTATT-1,1,24,76,15888,13254
ATCGCAGTAATATCAG-1,1,26,76,15888,13036
ATCGCAGTCTATGGCA-1,1,28,76,15888,12819
ATCGCATCACGCATCT-1,1,30,76,15888,12601
ATCGGCTCTATGCCTC-1,1,32,76,15889,12384
ATCGTAACTACCTCTT-1,1,34,76,15889,12166
ATCGTAATCCACATGC-1,1,36,76,15889,11949
ATCGTACAACTGGCTA-1,1,38,76,15889,11732
ATCGTACACCTATGCC-1,1,40,76,15889,11514
ATCGTACCGCGTACGC-1,1,42,76,15889,11297
ATCGTAGCATGTAGAT-1,1,44,76,15889,11079
ATCGTATTACTCGGAG-1,1,46,76,15889,10862
ATCGTATTGGAATCCT-1,1,48,76,15889,10644
ATCGTCACCATGTCAC-1,1,50,76,15889,10427
ATCGTCAGTTAGTCCA-1,1,52,76,15889,10209
ATCGTCCTAGTACGAA-1,1,54,76,15889,9992
ATCGTCTATGATGCCG-1,1,56,76,15890,9774
ATCGTCTTAACGAAGG-1,1,58,76,15890,9557
ATCTACAGGAGTGCAC-1,1,60,76,15890,9339
ATCTACCATATTCCAG-1,1,62,76,15890,9122
ATCTACGACAGCTCTT-1,1,13,77,15825,14450
ATCTACTCACATCTCC-1,1,15,77,15825,14232
ATCTCCTTGCGATACA-1,1,17,77,15825,14015
ATCTGAAGTATGCACG-1,1,19,77,15826,13797
ATCTGACCGGAGTCCT-1,1,21,77,15826,13580
ATCTGAGGAACGGTTG-1,1,23,77,15826,13362
ATCTGATACTTCATTA-1,1,25,77,15826,13145
ATCTGCCGTCTACAGC-1,1,27,77,15826,12927
ATCTGGATCCTCAGAC-1,1,29,77,15826,12710
ATCTGTACGCGTCTCC-1,1,31,77,15826,12493
ATCTTAAGCTCCTTGA-1,1,33,77,15826,12275
ATCTTAGACGCCTACT-1,1,35,77,15826,12058
ATCTTAGACTTGATCT-1,1,37,77,15826,11840
ATCTTAGATAGGTTCA-1,1,39,77,15826,11623
ATCTTAGTGGCATGGA-1,1,41,77,15826,11405
ATCTTATCAGCAATAC-1,1,43,77,15827,11188
ATCTTCGGACATACTA-1,1,45,77,15827,10970
ATCTTGGCTTCGTCCT-1,1,47,77,15827,10753
ATGAACAATCGATGCG-1,1,49,77,15827,10535
ATGAAGCTGAATCCAG-1,1,51,77,15827,10318
ATGAATGTATCGTGGT-1,1,53,77,15827,10101
ATGACACTAATCGCAC-1,1,55,77,15827,9883
ATGACCAGACGGCCGG-1,1,57,77,15827,9666
ATGACCTCACGCACTG-1,1,59,77,15827,9448
ATGACCTCACTTAACC-1,1,61,77,15827,9231
ATGACGAGATCATTAA-1,1,63,77,15827,9013
ATGAGCTACATGGAAG-1,1,14,78,15763,14341
ATGAGCTACTGGACAT-1,1,16,78,15763,14123
ATGAGCTATTCGAAGA-1,1,18,78,15763,13906
ATGAGGAACGACCAGC-1,1,20,78,15763,13689
ATGAGTACGCTTCCTA-1,1,22,78,15763,13471
ATGAGTAGCGTGTTAG-1,1,24,78,15763,13254
ATGAGTATCAGATCTG-1,1,26,78,15763,13036
ATGAGTCCTGAAGTGG-1,1,28,78,15763,12819
ATGAGTCTAGATACTC-1,1,30,78,15764,12601
ATGAGTCTTAGGAAGG-1,1,32,78,15764,12384
ATGAGTTACAGATAGA-1,1,34,78,15764,12166
ATGATAATGCACGCAC-1,1,36,78,15764,11949
ATGATAATTCCTTGCG-1,1,38,78,15764,11731
ATGATATCTAGTCTTA-1,1,40,78,15764,11514
ATGATTGATTCCGAAT-1,1,42,78,15764,11297
ATGCATCCTGACTCAC-1,1,44,78,15764,11079
ATGCATGCCTGCGATG-1,1,46,78,15764,10862
ATGCATGGTTCCGCCT-1,1,48,78,15764,10644
ATGCATGGTTGCTGTA-1,1,50,78,15764,10427
ATGCATGTATGTGAGT-1,1,52,78,15764,10209
ATGCATGTCACTCGTG-1,1,54,78,15765,9992
ATGCATGTCGATGTGG-1,1,56,78,15765,9774
ATGCATTAGATATCCA-1,1,58,78,15765,9557
ATGCCAGCTGCCATCT-1,1,60,78,15765,9339
ATGCCGTCGATAAGAC-1,1,62,78,15765,9122
ATGCCGTTGTGAAGCG-1,1,13,79,15700,14450
ATGCCTTCGTAAGTTA-1,1,15,79,15700,14232
ATGCTACTGAATAGTA-1,1,17,79,15700,14015
ATGCTCATGCCTGCCT-1,1,19,79,15701,13797
ATGCTCCAACCTGGCC-1,1,21,79,15701,13580
ATGCTCCGTTCTACTG-1,1,23,79,15701,13362
ATGCTCGCCTCCAATT-1,1,25,79,15701,13145
ATGCTGAATGCAATAG-1,1,27,79,15701,12927
ATGCTGACAGTTACAT-1,1,29,79,15701,12710
ATGCTGACGACTCGCT-1,1,31,79,15701,12493
ATGCTGCCGGCATACT-1,1,33,79,15701,12275
ATGCTGCCTACTGCAT-1,1,35,79,15701,12058
ATGCTGCGCTGTTGCA-1,1,37,79,15701,11840
ATGCTGCGGAACTACC-1,1,39,79,15701,11623
ATGCTGCGGATGGTTG-1,1,41,79,15701,11405
ATGCTGGCTTACTACA-1,1,43,79,15702,11188
ATGCTTACTCTAGGAA-1,1,45,79,15702,10970
ATGCTTGGACGAACTT-1,1,47,79,15702,10753
ATGGAACGATAGTGAT-1,1,49,79,15702,10535
ATGGAGCGCACTCGGT-1,1,51,79,15702,10318
ATGGAGCGGACCGATT-1,1,53,79,15702,10100
ATGGAGGCCACGGCTT-1,1,55,79,15702,9883
ATGGAGGCCGCTATCC-1,1,57,79,15702,9666
ATGGAGGTTCACCGGT-1,1,59,79,15702,9448
ATGGAGTAATCGGACC-1,1,61,79,15702,9231
ATGGAGTCTTCGCAGT-1,1,63,79,15702,9013
ATGGCATTATGGCTCG-1,1,14,80,15638,14341
ATGGTAACGGACCGGA-1,1,16,80,15638,14123
ATGTAAGAGCCACCTC-1,1,18,80,15638,13906
ATGTAATTGTCGTTCG-1,1,20,80,15638,13689
ATGTACAGTGCCTATG-1,1,22,80,15638,13471
ATGTACATCGTGGTTA-1,1,24,80,15638,13254
ATGTACATGAACTCCG-1,1,26,80,15638,13036
ATGTACCAGTTACTCG-1,1,28,80,15638,12819
ATGTACCATTATTGTC-1,1,30,80,15639,12601
ATGTACCGATCCAGAA-1,1,32,80,15639,12384
ATGTACCTTCACATTA-1,1,34,80,15639,12166
ATGTACGGTGGCGTAT-1,1,36,80,15639,11949
ATGTACTACCGACTTC-1,1,38,80,15639,11731
ATGTACTAGAGGAATT-1,1,40,80,15639,11514
ATGTACTCGTGGCTGT-1,1,42,80,15639,11296
ATGTACTCTGCAGCAC-1,1,44,80,15639,11079
ATGTACTGGTCGAAGC-1,1,46,80,15639,10862
ATGTAGAAGCGAATAG-1,1,48,80,15639,10644
ATGTAGCCGACCAAGG-1,1,50,80,15639,10427
ATGTAGGTAACCGTAC-1,1,52,80,15639,10209
ATGTAGGTGGTCTAAC-1,1,54,80,15640,9992
ATGTAGGTTGGCGAGG-1,1,56,80,15640,9774
ATGTAGTCCAGAACAT-1,1,58,80,15640,9557
ATGTATCCAAGGTGGC-1,1,60,80,15640,9339
ATGTATCCATAAGTTG-1,1,62,80,15640,9122
ATGTATCGGAATACGG-1,1,13,81,15575,14450
ATGTATGAGTACCGGA-1,1,15,81,15575,14232
ATGTATGTACTATCTT-1,1,17,81,15576,14015
ATGTATGTTATTGAAG-1,1,19,81,15576,13797
ATGTCATACTTAGACC-1,1,21,81,15576,13580
ATGTCATCAGGTTATG-1,1,23,81,15576,13362
ATGTCGCATGCCATAC-1,1,25,81,15576,13145
ATGTCGCATTGATTGC-1,1,27,81,15576,12927
ATGTCGGACTGAAGTA-1,1,29,81,15576,12710
ATGTCGGATAAGCCGA-1,1,31,81,15576,12492
ATGTCGGCTGTCGTAA-1,1,33,81,15576,12275
ATGTCGTTACCAGACG-1,1,35,81,15576,12058
ATGTCTAACTGGCGAA-1,1,37,81,15576,11840
ATGTCTGCGTTGCAGC-1,1,39,81,15576,11623
ATGTGAATCCATACGA-1,1,41,81,15577,11405
ATGTGAATTGCTGACC-1,1,43,81,15577,11188
ATGTGACATAGAGTCC-1,1,45,81,15577,10970
ATGTGATCCGTCTAAC-1,1,47,81,15577,10753
ATGTGCCGGTGACAGA-1,1,49,81,15577,10535
ATGTGCGTCTGAACAG-1,1,51,81,15577,10318
ATGTGCTAACATCGAA-1,1,53,81,15577,10100
ATGTGCTTGTGCTACC-1,1,55,81,15577,9883
ATGTTAAGATTACTGA-1,1,57,81,15577,9666
ATGTTACCTCGTCTGT-1,1,59,81,15577,9448
ATGTTACGCCATTCCT-1,1,61,81,15577,9231
ATGTTACTGGAGGCGG-1,1,63,81,15577,9013
ATGTTAGAATAGTACT-1,1,14,82,15513,14341
ATGTTAGACTATCTCA-1,1,16,82,15513,14123
ATGTTCGCAGAAGTCT-1,1,18,82,15513,13906
ATGTTCTGCCTTATCT-1,1,20,82,15513,13688
ATTAACGGAGTGAATT-1,1,22,82,15513,13471
ATTAAGAACAGCTCCG-1,1,24,82,15513,13254
ATTAAGAATAACGCTT-1,1,26,82,15513,13036
ATTAAGCGTCCTGCCG-1,1,28,82,15513,12819
ATTAAGTGGCCTAAGG-1,1,30,82,15514,12601
ATTACAAGCAAGTGTC-1,1,32,82,15514,12384
ATTACATGTTATTGAC-1,1,34,82,15514,12166
ATTACATTGAAGTATG-1,1,36,82,15514,11949
ATTACCTTCGCAGAAG-1,1,38,82,15514,11731
ATTACTCAGTTAACGA-1,1,40,82,15514,11514
ATTACTCCGTGAAGCG-1,1,42,82,15514,11296
ATTACTGAGTGCCTCC-1,1,44,82,15514,11079
ATTACTGATATTCGCC-1,1,46,82,15514,10862
ATTACTGTACGCGGTG-1,1,48,82,15514,10644
ATTACTGTCGCATATT-1,1,50,82,15514,10427
ATTACTTGAGCAAGAT-1,1,52,82,15514,10209
ATTAGAACAGTGGTAG-1,1,54,82,15515,9992
ATTAGACCAAGTATAC-1,1,56,82,15515,9774
ATTAGATAAGACGGCG-1,1,58,82,15515,9557
ATTAGATTCGTACTCA-1,1,60,82,15515,9339
ATTAGCAGGATGTATT-1,1,62,82,15515,9122
ATTAGCATTCCGATCG-1,1,13,83,15450,14450
ATTAGCCTCACTTCTA-1,1,15,83,15450,14232
ATTAGCCTCAGTAGAT-1,1,17,83,15451,14015
ATTAGCGAGCATGCTG-1,1,19,83,15451,13797
ATTAGCTAGATGCGCA-1,1,21,83,15451,13580
ATTAGTCGTGTTATGC-1,1,23,83,15451,13362
ATTAGTGAGGTATCGC-1,1,25,83,15451,13145
ATTAGTGCTTGGTCAT-1,1,27,83,15451,12927
ATTAGTTCACAGACTC-1,1,29,83,15451,12710
ATTAGTTGGACGTGAT-1,1,31,83,15451,12492
ATTATCACAACTCGGC-1,1,33,83,15451,12275
ATTATCAGTTCGATGC-1,1,35,83,15451,12058
ATTATCCAGGTGAAGT-1,1,37,83,15451,11840
ATTATCCATTGTGACA-1,1,39,83,15451,11623
ATTATCGAAGCCTAAG-1,1,41,83,15452,11405
ATTATCGAGTGCAGAT-1,1,43,83,15452,11188
ATTATCTAGATTAACG-1,1,45,83,15452,10970
ATTATCTTATTGAGAC-1,1,47,83,15452,10753
ATTATGATACTGCGCA-1,1,49,83,15452,10535
ATTATGCCATCGTTAA-1,1,51,83,15452,10318
ATTATGTTAAGGTAGT-1,1,53,83,15452,10100
ATTCAAGATTAGTTGC-1,1,55,83,15452,9883
ATTCACATAGGATGAG-1,1,57,83,15452,9665
ATTCACATCGTCACAG-1,1,59,83,15452,9448
ATTCACATCTTATTCT-1,1,61,83,15452,9231
ATTCACCTGACCAGTT-1,1,63,83,15452,9013
ATTCACGCTGCCTAGG-1,1,14,84,15388,14341
ATTCACGCTGTTATCG-1,1,16,84,15388,14123
ATTCACGTCGCAGGCT-1,1,18,84,15388,13906
ATTCACTCACGTGCAC-1,1,20,84,15388,13688
ATTCAGCTCCTACTAA-1,1,22,84,15388,13471
ATTCAGTCACCGCCAT-1,1,24,84,15388,13254
ATTCATAGCGAAGCGT-1,1,26,84,15388,13036
ATTCATAGTTCTAACT-1,1,28,84,15388,12819
ATTCCATTGTGAACGC-1,1,30,84,15389,12601
ATTCCGCAACGCCGCT-1,1,32,84,15389,12384
ATTCCGCTCCATCAGC-1,1,34,84,15389,12166
ATTCCGGACCGGTCTT-1,1,36,84,15389,11949
ATTCCGGTTACATACC-1,1,38,84,15389,11731
ATTCCGTAAGGATTCC-1,1,40,84,15389,11514
ATTCCTCAATTCCATA-1,1,42,84,15389,11296
ATTCCTGCCTTAACAG-1,1,44,84,15389,11079
ATTCCTTCGAAGGTGC-1,1,46,84,15389,10861
ATTCGCTCGCGGAGGC-1,1,48,84,15389,10644
ATTCGGAAGCTATTAC-1,1,50,84,15389,10427
ATTCGTGCCGACATGT-1,1,52,84,15390,10209
ATTCGTTAGAATTCGG-1,1,54,84,15390,9992
ATTCTAACGCCTGTTA-1,1,56,84,15390,9774
ATTCTACAGCCAGCAC-1,1,58,84,15390,9557
ATTCTACGTGGCAGAT-1,1,60,84,15390,9339
ATTCTACTGGTCGTTC-1,1,62,84,15390,9122
ATTCTAGGACATCAGT-1,1,13,85,15325,14450
ATTCTAGTCCACAAGA-1,1,15,85,15325,14232
ATTCTGAGTACTGTAG-1,1,17,85,15326,14015
ATTCTTGAGGCGACGC-1,1,19,85,15326,13797
ATTCTTGGAGTGATAG-1,1,21,85,15326,13580
ATTGACCTTCGGCGTC-1,1,23,85,15326,13362
ATTGACGAGCAGCGAC-1,1,25,85,15326,13145
ATTGACGCATCTCAAC-1,1,27,85,15326,12927
ATTGACGCCACCTTCT-1,1,29,85,15326,12710
ATTGACGCCAGCCAAG-1,1,31,85,15326,12492
ATTGACTGAATACTAT-1,1,33,85,15326,12275
ATTGACTTATGTGGTA-1,1,35,85,15326,12057
ATTGATAACACTAAGA-1,1,37,85,15326,11840
ATTGCAAGGCAATGGA-1,1,39,85,15326,11623
ATTGCAATTATGGTTG-1,1,41,85,15327,11405
ATTGCACGACCACTTG-1,1,43,85,15327,11188
ATTGCACGCATAACAG-1,1,45,85,15327,10970
ATTGCAGTTCTTCATT-1,1,47,85,15327,10753
ATTGCATATTGTTATC-1,1,49,85,15327,10535
ATTGCATCACTGACTG-1,1,51,85,15327,10318
ATTGCCTGATGTGCGG-1,1,53,85,15327,10100
ATTGCCTTACGCAGTT-1,1,55,85,15327,9883
ATTGCCTTGTCTAAGT-1,1,57,85,15327,9665
ATTGCGTAGTTAGGAG-1,1,59,85,15327,9448
ATTGGCACCACGCCAT-1,1,61,85,15327,9231
ATTGGCCTAGGAATCG-1,1,63,85,15327,9013
ATTGGCCTTCCGTGCA-1,1,14,86,15263,14341
ATTGGCGAATTGCACT-1,1,16,86,15263,14123
ATTGGCTAACAGACAA-1,1,18,86,15263,13906
ATTGTTAAGTAGACTA-1,1,20,86,15263,13688
ATTGTTACGACTAGCG-1,1,22,86,15263,13471
ATTGTTATACTTCACG-1,1,24,86,15263,13253
ATTGTTATCGTAATAC-1,1,26,86,15263,13036
CAACAGCCAGACCTTC-1,1,28,86,15264,12819
CAACAGCCGCCTTGAG-1,1,30,86,15264,12601
CAACAGGTCAGAGGAC-1,1,32,86,15264,12384
CAACAGTACGGCAATG-1,1,34,86,15264,12166
CAACCGTACTGATCTT-1,1,36,86,15264,11949
CAACCGTATTACTGTA-1,1,38,86,15264,11731
CAACCGTTAACAGACC-1,1,40,86,15264,11514
CAACCGTTAATGTCAT-1,1,42,86,15264,11296
CAACCGTTCCACTCAC-1,1,44,86,15264,11079
CAACGCTTGCTCCTAC-1,1,46,86,15264,10861
CAACGGCACTCAGTCC-1,1,48,86,15264,10644
CAACTGACAAGACAAG-1,1,50,86,15264,10427
CAACTGCAGTGCAATA-1,1,52,86,15265,10209
CAACTGCATTCGACTC-1,1,54,86,15265,9992
CAACTGCTGGAGTTAT-1,1,56,86,15265,9774
CAACTTGGACATAGAT-1,1,58,86,15265,9557
CAACTTGGTACGATGT-1,1,60,86,15265,9339
CAAGACCACTATCGAA-1,1,62,86,15265,9122
CAAGATAAGTGCAATG-1,1,13,87,15200,14449
CAAGATAATGAGACCG-1,1,15,87,15200,14232
CAAGATTACCGATCAT-1,1,17,87,15201,14015
CAAGATTAGATGAGTT-1,1,19,87,15201,13797
CAAGATTCGTCAGCTG-1,1,21,87,15201,13580
CAAGCATGCCTGACTT-1,1,23,87,15201,13362
CAAGCCGCCATAGAGG-1,1,25,87,15201,13145
CAAGCCTCCACTATCT-1,1,27,87,15201,12927
CAAGGCAAGATTAGCA-1,1,29,87,15201,12710
CAAGGCAAGCATCTCG-1,1,31,87,15201,12492
CAAGGTCAGCGATGTC-1,1,33,87,15201,12275
CAAGGTCTCAATACAG-1,1,35,87,15201,12057
CAAGTACTCCGCATCG-1,1,37,87,15201,11840
CAAGTACTTATTAAGC-1,1,39,87,15201,11623
CAAGTACTTCAATAGT-1,1,41,87,15202,11405
CAAGTAGCCTCGATCC-1,1,43,87,15202,11188
CAAGTATCGGCAACCA-1,1,45,87,15202,10970
CAAGTCCATCGGCGGT-1,1,47,87,15202,10753
CAAGTCCGCTACCGTT-1,1,49,87,15202,10535
CAAGTCGCAGTCACTC-1,1,51,87,15202,10318
CAAGTCGTAGGACTCG-1,1,53,87,15202,10100
CAAGTCTTGGCGATAG-1,1,55,87,15202,9883
CAAGTGAATTGGATGC-1,1,57,87,15202,9665
CAAGTGGATCATCCAG-1,1,59,87,15202,9448
CAAGTGTTCGCCACGC-1,1,61,87,15202,9230
CAAGTGTTGACGGCCA-1,1,63,87,15202,9013
CAATAACTACATTAAC-1,1,14,88,15138,14341
CAATAACTCAAGGCAA-1,1,16,88,15138,14123
CAATAACTCAGATGAG-1,1,18,88,15138,13906
CAATAAGAACCGACTT-1,1,20,88,15138,13688
CAATAAGCGGCCAGAT-1,1,22,88,15138,13471
CAATAAGGTAACTCGT-1,1,24,88,15138,13253
CAATAAGGTAGCGATG-1,1,26,88,15138,13036
CAATAATCGTAGGATA-1,1,28,88,15139,12819
CAATCCATGCCGATGC-1,1,30,88,15139,12601
CAATCCGAGGTGCTAG-1,1,32,88,15139,12384
CAATCGTCGGAGCATG-1,1,34,88,15139,12166
CAATCGTGAAGTGATA-1,1,36,88,15139,11949
CAATCTATGAGGTCAG-1,1,38,88,15139,11731
CAATCTGAGTCGACTC-1,1,40,88,15139,11514
CAATCTTATTAGAATG-1,1,42,88,15139,11296
CAATGCAGATCATAGA-1,1,44,88,15139,11079
CAATGCATCATTATGC-1,1,46,88,15139,10861
CAATGCATTGACGGCA-1,1,48,88,15139,10644
CAATGCGGATGCTGGT-1,1,50,88,15139,10426
CAATGGCTGAGCGATT-1,1,52,88,15140,10209
CAATTACAGGTGTCAT-1,1,54,88,15140,9992
CAATTGAACCGGCTCG-1,1,56,88,15140,9774
CAATTGTTGACGTGAG-1,1,58,88,15140,9557
CACCAGGCACGCTATC-1,1,60,88,15140,9339
CACCATAAGCTGGCTG-1,1,62,88,15140,9122
